Area_Axon;Area_Fiber;CentroidX;CentroidY;Perimeter_Fiber;Perimeter_Axon;Fiber_MinFeretdistance;Axon_MinFeretdistance;MyelinThickness_MinFeretdistance;MinFeretdistance_gratio;Fiber_circleArea_diameter;Axon_circleArea_diameter;MyelinThickness_CircleArea;CircleArea_gratio;Fiber_circlePerimeter_diameter;Axon_circlePerimeter_diameter;MyelinThickness_CirclePerimeter;CirclePerimeter_gratio;ShapeAdjustedEllipse_Fiber;ShapeAdjustedEllipse_Axon;MyelinThickness_ShapeAdjustedEllipse;ShapeAdjustedEllipse_gratio 
2.750745;6.897269;27.400000;-48.200000;12.333669;7.276779;2.157035;1.219939;0.468548;0.565563;3.250291;1.871933;0.689179;0.575928;2.641098;0.876034;0.882532;0.331693;1.935428;1.075872;0.429778;0.555883 
2.081424;3.558828;28.700000;-48.600000;11.105159;6.516817;2.282743;1.282793;0.499975;0.561952;3.104669;1.628342;0.738164;0.524482;2.409742;0.662874;0.873434;0.275081;2.032786;0.898361;0.567213;0.441936 
0.857057;7.860438;26.500000;-49.900000;10.508046;4.139793;2.199890;0.714250;0.742820;0.324675;2.964174;1.044889;0.959643;0.352506;2.196583;0.272948;0.961817;0.124260;1.971668;0.584582;0.693543;0.296491 
0.808082;7.991038;27.700000;-49.700000;7.122501;3.602677;1.971330;0.779961;0.595684;0.395652;2.129211;1.014596;0.557308;0.476513;1.133385;0.257351;0.438017;0.227064;1.593460;0.672899;0.460280;0.422288 
1.534540;7.566590;29.200000;-50.200000;11.259437;5.528295;2.388452;0.925668;0.731392;0.387560;3.164379;1.398152;0.883114;0.441841;2.503324;0.488707;1.007309;0.195223;2.091023;0.784418;0.653302;0.375136 
2.416085;8.293048;30.800000;-49.800000;11.596563;7.291064;2.554158;1.205654;0.674252;0.472036;3.190559;1.754370;0.718094;0.549863;2.544916;0.769454;0.887731;0.302349;2.033088;0.920099;0.556494;0.452562 
1.501891;8.015525;26.700000;-51.500000;13.519324;8.522431;1.791339;0.565686;0.612827;0.315789;3.195444;1.383198;0.906123;0.432866;2.552715;0.478309;1.037203;0.187373;1.637439;0.460275;0.588582;0.281094 
4.717896;14.080225;28.900000;-51.600000;16.553458;11.827980;3.959802;2.374167;0.792817;0.599567;4.235161;2.451542;0.891810;0.578854;4.484148;1.502514;1.490817;0.335072;2.415176;1.070243;0.672467;0.443132 
1.501891;8.660358;31.000000;-51.100000;13.896448;8.028170;2.219889;0.754248;0.732821;0.339768;3.321491;1.383198;0.969147;0.416439;2.758076;0.478309;1.139883;0.173421;1.726843;0.490885;0.617979;0.284267 
1.730439;9.884726;34.200000;-50.700000;13.953588;7.288207;2.337026;0.768533;0.784246;0.328851;3.628209;1.484716;1.071746;0.409215;3.290975;0.551095;1.369940;0.167457;2.117948;0.635290;0.741329;0.299955 
2.326298;9.223567;32.900000;-52.200000;11.827980;6.931082;2.299885;1.139943;0.579971;0.495652;3.269429;1.721464;0.773983;0.526533;2.672292;0.740859;0.965716;0.277237;2.099600;0.941940;0.578830;0.448629 
2.783395;7.525778;34.200000;-52.000000;18.027670;11.230867;2.959852;1.159942;0.899955;0.391892;4.203123;1.883010;1.160057;0.448003;4.416561;0.886432;1.765065;0.200706;2.116432;0.648860;0.733786;0.306582 
3.003781;6.799320;35.400000;-52.700000;12.613655;8.113880;2.582728;1.231367;0.675681;0.476770;3.427793;1.956137;0.735828;0.570670;2.937442;0.956618;0.990412;0.325664;2.140714;1.028530;0.556092;0.480461 
1.257017;10.333660;36.800000;-52.500000;12.813645;8.836701;1.834194;0.731392;0.551401;0.398754;2.943052;1.265423;0.838814;0.429970;2.165389;0.400324;0.882532;0.184874;1.454185;0.368658;0.542764;0.253515 
1.640652;8.390998;32.000000;-52.900000;16.342040;8.908126;3.154128;1.225653;0.964238;0.388587;3.724374;1.445684;1.139345;0.388168;3.467741;0.522501;1.472620;0.150675;1.822451;0.481028;0.670712;0.263946 
1.575353;13.868001;33.700000;-53.900000;12.647939;5.211168;3.514110;1.374217;1.069946;0.391057;3.548522;1.416622;1.065950;0.399215;3.148002;0.501705;1.323149;0.159372;2.337801;0.885180;0.726311;0.378638 
1.967150;10.888707;34.900000;-54.400000;10.653753;6.305399;2.519874;0.985665;0.767105;0.391156;3.096285;1.583011;0.756637;0.511261;2.396745;0.626481;0.885132;0.261388;2.179185;0.879091;0.650047;0.403404 
31.009144;108.658521;37.400000;-48.900000;38.595213;20.498975;10.539473;5.699715;2.419879;0.540797;11.765139;6.285069;2.740035;0.534211;34.604625;9.875523;12.364551;0.285382;9.258602;5.030106;2.114248;0.543290 
7.427829;94.929282;38.600000;-53.600000;33.832594;15.233524;8.133879;2.577014;2.778433;0.316825;9.816236;3.076069;3.370083;0.313365;24.089623;2.365551;10.862036;0.098198;6.885508;1.302902;2.791303;0.189224 
22.732420;116.127162;35.600000;-56.700000;39.560879;18.730492;10.948024;4.791189;3.078418;0.437630;12.162758;5.381310;3.390724;0.442442;36.983173;7.239624;14.871774;0.195755;9.816164;3.702761;3.056702;0.377211 
34.151687;75.641415;31.600000;-55.200000;36.786732;22.667438;9.962359;5.591149;2.185605;0.561227;10.996773;6.595857;2.200458;0.599799;30.232255;10.876333;9.677961;0.359759;8.229227;4.653682;1.787772;0.565507 
1.142743;9.043993;27.000000;-53.200000;12.005114;4.825473;2.257030;0.799960;0.728535;0.354430;3.030092;1.206534;0.911779;0.398184;2.295364;0.363931;0.965716;0.158550;1.695228;0.666259;0.514485;0.393020 
3.411904;11.386616;24.100000;-53.400000;12.407951;8.036741;2.628440;1.608491;0.509975;0.611957;3.394261;2.084796;0.654733;0.614212;2.880253;1.086594;0.896830;0.377256;2.142578;1.212808;0.464885;0.566051 
2.105912;7.207442;22.200000;-54.900000;15.624933;6.228260;3.056990;1.242795;0.907098;0.406542;3.808575;1.637892;1.085342;0.430054;3.626311;0.670673;1.477819;0.184946;2.031884;0.972243;0.529821;0.478493 
1.240692;10.227549;26.500000;-55.000000;13.176484;6.305399;2.068468;0.694251;0.687109;0.335635;3.182401;1.257179;0.962611;0.395041;2.531919;0.395125;1.068397;0.156057;1.677280;0.524797;0.576242;0.312886 
4.130199;7.950225;21.700000;-56.800000;14.067868;8.082453;3.571250;1.885620;0.842815;0.528000;4.116890;2.293774;0.911558;0.557162;4.237195;1.315350;1.460922;0.310429;2.938843;1.542496;0.698174;0.524865 
2.726258;13.304792;23.600000;-56.500000;11.873692;7.159642;2.934139;1.368503;0.782818;0.466407;3.554377;1.863583;0.845397;0.524306;3.158400;0.868235;1.145082;0.274897;2.668688;1.089513;0.789587;0.408258 
6.301411;9.917376;19.000000;-54.300000;18.556215;14.482133;3.071275;1.842765;0.614255;0.600000;4.577338;2.833245;0.872046;0.618972;5.238005;2.006819;1.615593;0.383127;2.481420;1.157453;0.661983;0.466448 
29.090968;16.447335;21.100000;-52.800000;34.095438;20.521831;9.130972;4.942610;2.094181;0.541302;10.413001;6.087574;2.162714;0.584613;27.107649;9.264640;8.921505;0.341772;8.238469;4.475091;1.881689;0.543195 
4.840332;85.118018;20.900000;-59.300000;16.624883;11.605134;2.831287;1.494211;0.668538;0.527750;4.262083;2.483149;0.889467;0.582614;4.541337;1.541507;1.499915;0.339439;2.437583;1.125430;0.656076;0.461699 
4.162849;14.259798;22.800000;-59.000000;16.444892;12.465091;3.568393;2.262744;0.652825;0.634107;4.238843;2.302823;0.968010;0.543267;4.491946;1.325748;1.583099;0.295139;2.443223;0.882236;0.780494;0.361095 
2.881344;14.104712;24.700000;-59.300000;11.985115;7.068218;2.985565;1.537066;0.724249;0.514833;3.475990;1.915856;0.780067;0.551168;3.020626;0.917626;1.051500;0.303787;2.436257;1.191553;0.622352;0.489092 
5.419866;9.484766;25.600000;-58.300000;15.059247;10.822316;3.025563;1.605634;0.709964;0.530689;4.164601;2.627601;0.768500;0.630937;4.335976;1.726072;1.304952;0.398082;2.676632;1.394535;0.641048;0.521004 
3.028269;13.614965;28.100000;-54.200000;13.547894;8.351011;2.831287;1.325648;0.752819;0.468214;3.609532;1.964094;0.822719;0.544141;3.257181;0.964417;1.146382;0.296089;2.185309;1.000072;0.592618;0.457634 
12.366110;94.757870;24.800000;-46.900000;37.678116;15.642075;8.056740;2.737006;2.659867;0.339716;10.986840;3.969006;3.508917;0.361251;30.177666;3.938252;13.119707;0.130502;7.785061;2.237038;2.774012;0.287350 
23.736402;69.846076;20.400000;-48.600000;31.058447;19.716157;7.905319;4.385495;1.759912;0.554752;9.432703;5.498859;1.966922;0.582957;22.243973;7.559364;7.342305;0.339839;7.347572;3.585503;1.881034;0.487985 
2.318136;6.342223;21.000000;-46.400000;13.190769;6.299685;3.294121;1.342790;0.975666;0.407632;3.804478;1.718441;1.043018;0.451689;3.618512;0.738260;1.440126;0.204023;2.637471;1.079758;0.778856;0.409392 
1.469241;11.362129;19.700000;-45.800000;9.842365;5.251166;2.179891;0.919954;0.629968;0.422018;2.842405;1.368081;0.737162;0.481311;2.019816;0.467911;0.775953;0.231660;1.975490;0.800904;0.587293;0.405421 
8.831770;29.743964;22.400000;-49.800000;22.804574;15.747784;4.211218;1.822766;1.194226;0.432836;6.155518;3.354201;1.400659;0.544910;9.472600;2.812666;3.329967;0.296926;3.803137;1.511999;1.145569;0.397566 
4.309773;15.753527;23.700000;-50.600000;16.459177;10.119494;3.008421;1.242795;0.882813;0.413105;4.479753;2.343108;1.068322;0.523044;5.017047;1.372539;1.822254;0.273575;2.804653;1.169572;0.817541;0.417011 
4.122037;10.349985;26.000000;-60.300000;12.045112;7.996743;3.285550;1.962759;0.661395;0.597391;3.631073;2.291507;0.669783;0.631082;3.296174;1.312751;0.991712;0.398265;2.773804;1.568935;0.602434;0.565626 
1.599840;8.611384;25.100000;-60.900000;13.962159;8.025313;2.288457;1.002807;0.642825;0.438202;3.312086;1.427590;0.942248;0.431024;2.742479;0.509503;1.116488;0.185782;1.705159;0.524600;0.590280;0.307654 
1.983475;10.374473;23.200000;-61.600000;15.487797;11.476569;2.785575;1.539923;0.622826;0.552821;3.535311;1.589566;0.972873;0.449625;3.124606;0.631680;1.246463;0.202163;1.733368;0.447235;0.643067;0.258015 
2.032450;9.811264;22.000000;-61.900000;14.953538;7.522481;2.985565;1.199940;0.892812;0.401914;3.635366;1.609071;1.013148;0.442616;3.303972;0.647277;1.328348;0.195909;1.932716;0.728998;0.601859;0.377188 
3.036431;11.786576;24.300000;-62.800000;15.467798;10.110923;3.254123;1.648489;0.802817;0.506585;3.874887;1.966740;0.954074;0.507561;3.753687;0.967016;1.393335;0.257618;2.145400;0.798252;0.673574;0.372076 
4.268961;14.855657;22.100000;-63.700000;14.796403;8.479576;3.816952;1.894191;0.961381;0.496257;4.350219;2.331988;1.009116;0.536062;4.731101;1.359542;1.685780;0.287363;3.135960;1.484939;0.825510;0.473520 
3.697589;13.304792;23.900000;-66.900000;14.559272;8.785275;3.022706;1.454213;0.784247;0.481096;4.116890;2.170324;0.973283;0.527176;4.237195;1.177576;1.529809;0.277914;2.750300;1.178923;0.785688;0.428653 
2.611984;10.366310;24.900000;-67.300000;15.039248;10.248059;2.445592;1.219939;0.612826;0.498832;3.633936;1.824107;0.904914;0.501965;3.301373;0.831842;1.234765;0.251969;1.916400;0.670761;0.622819;0.350011 
3.771051;17.981875;26.400000;-67.200000;17.099145;8.105309;3.748384;1.659917;1.044234;0.442835;4.786110;2.191777;1.297166;0.457945;5.726712;1.200972;2.262870;0.209714;3.140217;1.358048;0.891085;0.432469 
3.428229;12.749745;27.700000;-68.600000;13.739313;8.133879;2.845572;1.428500;0.708536;0.502008;3.841197;2.089778;0.875710;0.544043;3.688699;1.091793;1.298453;0.295983;2.515141;1.198898;0.658121;0.476672 
3.085406;11.582515;29.100000;-68.000000;17.727685;12.350811;3.796953;2.611298;0.592828;0.687735;4.030101;1.982537;1.023782;0.491932;4.060428;0.982613;1.538908;0.241997;1.965946;0.651971;0.656987;0.331632 
53.513016;106.250599;21.600000;-43.700000;37.566693;27.835751;10.005214;6.779661;1.612776;0.677613;11.634048;8.256479;1.688785;0.709682;33.837770;17.042362;8.397704;0.503649;9.617345;6.068354;1.774496;0.630980 
4.309773;74.572134;44.800000;-51.500000;28.155735;10.433764;6.553958;1.765626;2.394166;0.269398;7.922277;2.343108;2.789584;0.295762;15.690619;1.372539;7.159040;0.087475;5.245956;1.125853;2.060051;0.214614 
6.750345;46.264761;42.800000;-54.700000;27.118644;16.693451;6.771090;3.362689;1.704201;0.496624;7.676979;2.932433;2.372273;0.381978;14.734000;2.149792;6.292104;0.145907;5.139148;1.062877;2.038136;0.206820 
16.733020;49.268542;46.000000;-54.200000;34.232574;17.450556;7.905319;3.542680;2.181319;0.448139;9.746607;4.616920;2.564844;0.473695;23.749087;5.328987;9.210050;0.224387;6.593410;2.765594;1.913908;0.419448 
3.387416;10.366310;46.600000;-49.400000;12.165106;7.171070;3.328405;1.791339;0.768533;0.538197;3.633936;2.077301;0.778317;0.571639;3.301373;1.078795;1.111289;0.326772;2.714755;1.452472;0.631142;0.535029 
3.142543;14.472022;46.700000;-50.500000;18.784775;11.165156;3.476969;1.582778;0.947096;0.455218;4.293681;2.000810;1.146436;0.465989;4.608924;1.000810;1.804057;0.217146;2.108743;0.741207;0.683768;0.351492 
3.640452;24.756708;50.100000;-47.400000;23.267408;13.453613;4.671195;2.105609;1.282793;0.450765;5.615800;2.153490;1.731155;0.383470;7.884302;1.159380;3.362461;0.147049;2.957181;0.706066;1.125557;0.238763 
0.930519;6.962569;50.300000;-48.700000;12.482233;6.616812;2.182748;0.814245;0.684252;0.373037;2.978173;1.088749;0.944712;0.365576;2.217379;0.296344;0.960517;0.133646;1.544775;0.367661;0.588557;0.238003 
2.538522;11.215205;47.900000;-51.700000;16.899155;10.665181;3.059847;1.011378;1.024234;0.330532;3.779800;1.798273;0.990763;0.475759;3.571721;0.808446;1.381637;0.226346;1.807225;0.623441;0.591892;0.344972 
1.330479;8.309373;47.800000;-55.200000;12.307956;6.851086;2.134179;0.711393;0.711393;0.333333;3.253489;1.301875;0.975807;0.400147;2.646297;0.423719;1.111289;0.160118;1.946308;0.514685;0.715812;0.264441 
11.957988;63.503853;30.700000;-58.500000;30.915597;14.847829;6.993936;2.448449;2.272744;0.350082;8.994255;3.902961;2.545647;0.433939;20.224157;3.808276;8.207940;0.188303;6.343458;2.315282;2.014088;0.364987 
16.006562;58.973694;35.300000;-59.900000;28.367153;15.516367;7.768183;3.999800;1.884192;0.514895;8.667510;4.515587;2.075961;0.520979;18.781431;5.097631;6.841900;0.271419;6.866548;3.186779;1.839885;0.464102 
13.574153;57.267742;38.800000;-58.500000;29.278536;14.790689;7.982458;3.659817;2.161321;0.458482;8.541226;4.158355;2.191436;0.486857;18.238134;4.322979;6.957578;0.237030;6.057497;2.749645;1.653926;0.453924 
15.753527;66.972894;31.000000;-62.300000;30.644182;15.927775;7.896748;3.519824;2.188462;0.445731;9.236655;4.479753;2.378451;0.484997;21.328947;5.017047;8.155950;0.235222;7.053582;2.964165;2.044708;0.420235 
4.301611;10.007162;24.300000;-40.600000;15.847779;8.448149;3.045562;1.642775;0.701394;0.539400;4.115626;2.340888;0.887369;0.568781;4.234595;1.369940;1.432328;0.323511;2.398120;1.509478;0.444321;0.629442 
2.244673;9.737802;22.000000;-40.700000;13.139343;6.873942;2.594156;1.028520;0.782818;0.396476;3.570431;1.690993;0.939719;0.473610;3.186994;0.714864;1.236065;0.224307;2.229574;0.913326;0.658124;0.409642 
1.191718;13.296629;21.500000;-41.500000;14.119294;6.419679;2.228460;0.542830;0.842815;0.243590;3.522051;1.232117;1.144967;0.349829;3.101211;0.379528;1.360841;0.122381;1.938660;0.492587;0.723036;0.254087 
1.387616;7.264580;24.300000;-42.200000;11.567993;5.905419;2.048469;0.785675;0.631397;0.383543;3.042078;1.329535;0.856272;0.437048;2.313560;0.441916;0.935822;0.191011;1.805721;0.640827;0.582447;0.354887 
16.512634;103.042756;31.100000;-41.800000;43.900662;22.361739;8.496718;3.394116;2.551301;0.399462;11.457079;4.586415;3.435332;0.400313;32.816164;5.258801;13.778682;0.160250;6.724221;1.977933;2.373144;0.294151 
3.428229;13.704752;28.500000;-42.800000;20.507546;11.782268;2.242745;1.037091;0.602827;0.462420;4.178311;2.089778;1.044267;0.500149;4.364571;1.091793;1.636389;0.250149;1.788149;0.765480;0.511335;0.428085 
1.518216;15.712714;27.800000;-43.600000;22.081753;11.190869;2.091324;0.448549;0.821388;0.214481;4.473946;1.390695;1.541626;0.310843;5.004049;0.483508;2.260271;0.096623;1.902345;0.349680;0.776333;0.183815 
4.791358;22.430410;27.300000;-44.400000;25.584435;14.833544;3.014135;1.074232;0.969951;0.356398;5.345444;2.470555;1.437445;0.462180;7.143443;1.525910;2.808766;0.213610;2.355558;0.845239;0.755159;0.358828 
2.791558;9.190918;25.400000;-44.700000;12.219389;7.271065;2.534159;1.225653;0.654253;0.483653;3.421721;1.885769;0.767976;0.551117;2.927044;0.889031;1.019006;0.303730;2.246712;1.096684;0.575014;0.488128 
4.293448;24.781195;26.400000;-40.400000;23.730242;12.947924;5.359732;2.262744;1.548494;0.422175;5.618576;2.338666;1.639955;0.416238;7.892100;1.367340;3.262380;0.173254;2.885522;0.873916;1.005803;0.302862 
12.464060;64.360910;33.600000;-62.700000;24.478776;14.099295;6.099695;3.351261;1.374217;0.549415;7.099241;3.984694;1.557274;0.561284;12.599806;3.969446;4.315180;0.315040;4.975406;2.659426;1.157990;0.534514 
10.978494;39.563390;38.300000;-63.400000;30.012785;13.885020;8.910983;3.134129;2.888427;0.351715;9.054746;3.739698;2.657524;0.413010;20.497105;3.496336;8.500385;0.170577;6.931004;2.302572;2.314216;0.332213 
23.720077;88.709496;36.000000;-65.600000;35.509653;18.967623;10.193776;5.294021;2.449878;0.519339;10.630415;5.496968;2.566724;0.517098;28.251432;7.554165;10.348634;0.267391;7.982646;3.846967;2.067840;0.481916 
1.738602;8.839932;39.000000;-65.700000;12.436521;6.491104;2.574157;0.931382;0.821388;0.361820;3.355750;1.488213;0.933768;0.443482;2.815265;0.553695;1.130785;0.196676;2.072179;0.733689;0.669245;0.354067 
1.518216;8.178774;42.300000;-65.900000;11.356575;5.331162;2.674152;1.005664;0.834244;0.376068;3.227820;1.390695;0.918562;0.430847;2.604705;0.483508;1.060598;0.185629;2.176611;0.815673;0.680469;0.374744 
0.979494;7.027869;38.600000;-68.400000;12.445092;4.796903;2.334169;0.908526;0.712821;0.389229;2.992106;1.117033;0.937537;0.373327;2.238175;0.311941;0.963117;0.139373;1.567578;0.561602;0.502988;0.358261 
1.722277;8.407322;40.700000;-68.400000;14.376424;6.116837;2.028470;1.105659;0.461405;0.545070;3.272608;1.481210;0.895699;0.452608;2.677491;0.548496;1.064498;0.204854;1.599078;0.783366;0.407856;0.489886 
1.861038;11.304992;42.000000;-67.900000;16.153478;10.722321;3.722671;1.974187;0.874242;0.530315;3.794900;1.539724;1.127588;0.405735;3.600316;0.592687;1.503814;0.164621;1.929491;0.449880;0.739806;0.233160 
1.101931;5.762689;43.000000;-68.000000;9.748084;4.714050;2.297028;0.942810;0.677109;0.410448;2.709429;1.184792;0.762318;0.437285;1.835251;0.350933;0.742159;0.191218;1.756296;0.658951;0.548673;0.375194 
0.530559;5.672902;42.900000;-66.600000;9.430957;4.008371;1.942760;0.457120;0.742820;0.235294;2.688239;0.822114;0.933062;0.305819;1.806657;0.168968;0.818844;0.093525;1.822413;0.354541;0.733936;0.194545 
2.122237;10.252036;41.400000;-66.700000;12.845072;7.859607;2.959852;1.239938;0.859957;0.418919;3.613851;1.644228;0.984811;0.454980;3.264980;0.675872;1.294554;0.207006;2.392529;0.725639;0.833445;0.303294 
3.869001;85.803664;41.700000;-70.700000;37.712400;9.816652;7.493911;1.531352;2.981280;0.204346;10.454857;2.220059;4.117399;0.212347;27.326008;1.232166;13.046921;0.045091;6.747260;1.076008;2.835626;0.159473 
0.750945;4.799520;44.700000;-70.900000;9.436671;4.374067;2.122751;0.817102;0.652825;0.384926;2.472658;0.978069;0.747295;0.395554;1.528510;0.239155;0.644678;0.156463;1.459855;0.467483;0.496186;0.320226 
1.240692;17.500291;43.900000;-69.100000;19.267608;11.219439;2.882713;0.922811;0.979951;0.320119;4.721585;1.257179;1.732203;0.266262;5.573341;0.395125;2.589108;0.070896;2.536993;0.284241;1.126376;0.112039 
1.371291;10.219386;41.000000;-63.500000;20.241845;5.708286;2.428450;1.431357;0.498547;0.589412;3.608092;1.321691;1.143200;0.366313;3.254582;0.436717;1.408932;0.134185;1.328841;0.659710;0.334566;0.496455 
5.893288;27.360529;41.800000;-64.500000;22.998850;13.945017;5.485440;2.725578;1.379931;0.496875;5.903743;2.739959;1.581892;0.464105;8.713544;1.876843;3.418350;0.215394;3.382700;1.124837;1.128931;0.332526 
0.767270;5.934100;44.100000;-60.500000;12.687937;3.902662;2.062754;0.742820;0.659967;0.360111;2.726644;0.988643;0.869001;0.362586;1.858647;0.244354;0.807147;0.131469;1.242189;0.555949;0.343120;0.447556 
0.465260;9.297029;44.500000;-61.400000;9.093831;3.819809;1.891334;0.419979;0.735678;0.222054;2.384894;0.769862;0.807516;0.322808;1.421930;0.148172;0.636879;0.104205;1.409856;0.325372;0.542242;0.230784 
2.971131;4.464860;44.000000;-59.500000;16.024913;10.702322;3.022706;1.345647;0.838530;0.445180;4.198172;1.945477;1.126348;0.463410;4.406163;0.946220;1.729971;0.214749;2.477913;0.732133;0.872890;0.295464 
0.930519;5.836151;45.900000;-59.400000;12.333669;8.396723;1.654203;0.665681;0.494261;0.402418;2.766396;1.088749;0.838823;0.393562;1.913236;0.296344;0.808446;0.154891;1.327251;0.286039;0.520606;0.215512 
1.183555;13.835351;40.700000;-56.800000;12.336526;6.593956;1.942760;0.548544;0.697108;0.282353;3.070995;1.227890;0.921552;0.399835;2.357752;0.376928;0.990412;0.159868;1.685607;0.474584;0.605512;0.281551 
1.036631;6.007562;42.200000;-57.200000;10.702322;6.165406;1.688487;0.594256;0.547116;0.351946;2.738061;1.149151;0.794455;0.419695;1.874244;0.330137;0.772053;0.176144;1.561345;0.444609;0.558368;0.284760 
1.224367;7.403341;40.900000;-58.700000;12.933639;8.376724;2.211318;0.688537;0.761391;0.311370;3.192188;1.248881;0.971653;0.391230;2.547516;0.389926;1.078795;0.153061;1.731833;0.379570;0.676132;0.219172 
1.665140;5.885126;45.200000;-56.800000;10.796603;5.402587;2.965566;1.302792;0.831387;0.439306;3.070995;1.456433;0.807281;0.474254;2.357752;0.530299;0.913726;0.224917;2.073754;0.898037;0.587859;0.433049 
1.632490;7.403341;46.300000;-57.100000;13.730742;7.802467;2.642725;0.734249;0.954238;0.277838;3.646789;1.442084;1.102353;0.395439;3.324768;0.519901;1.402434;0.156372;2.197295;0.552751;0.822272;0.251560 
0.612184;10.439772;45.200000;-57.900000;12.039398;4.942610;2.785575;0.565686;1.109945;0.203077;3.297929;0.883092;1.207418;0.267772;2.719083;0.194963;1.262060;0.071702;2.086408;0.326079;0.880164;0.156287 
1.910013;8.537922;38.300000;-61.100000;13.510753;6.939653;3.165556;1.151371;1.007093;0.363718;3.756344;1.559852;1.098246;0.415258;3.527530;0.608284;1.459623;0.172439;2.436141;0.750339;0.842901;0.308003 
1.958988;7.999200;40.500000;-60.100000;11.750841;8.399580;2.288457;1.182798;0.552830;0.516854;2.934206;1.579723;0.677241;0.538382;2.152391;0.623881;0.764255;0.289855;1.617333;0.617357;0.499988;0.381713 
2.709933;11.076443;41.100000;-61.200000;16.767733;12.453663;3.222696;2.039898;0.591399;0.632979;3.745255;1.857995;0.943630;0.496093;3.506734;0.863036;1.321849;0.246108;1.787696;0.565108;0.611294;0.316110 
4.440372;6.758508;42.700000;-61.100000;30.789889;9.188112;6.339683;2.068468;2.135607;0.326273;8.193903;2.378345;2.907779;0.290258;16.785011;1.414131;7.685440;0.084250;4.952125;1.379249;1.786438;0.278517 
0.906032;11.011144;43.900000;-62.400000;13.859307;5.214025;2.439878;0.728535;0.855672;0.298595;3.441417;1.074328;1.183544;0.312176;2.960837;0.288545;1.336146;0.097454;1.882456;0.465793;0.708332;0.247439 
0.563209;52.704933;44.200000;-63.300000;10.502332;4.948324;1.857050;0.451406;0.702822;0.243077;2.749430;0.847032;0.951199;0.308076;1.889841;0.179366;0.855237;0.094911;1.621108;0.298490;0.661309;0.184127 
2.726258;11.713114;40.100000;-50.500000;14.330712;8.573857;2.694151;1.005664;0.844244;0.373277;3.862792;1.863583;0.999605;0.482444;3.730291;0.868235;1.431028;0.232753;2.381323;0.860620;0.760352;0.361404 
1.852876;9.582715;41.000000;-51.500000;15.102102;6.471105;3.534109;1.022806;1.255652;0.289410;4.333455;1.536344;1.398556;0.354531;4.694708;0.590088;2.052310;0.125692;2.974657;0.791805;1.091426;0.266184 
0.652996;14.741383;38.000000;-51.500000;15.996343;4.688337;2.479876;0.562829;0.958523;0.226959;3.493892;0.912054;1.290919;0.261042;3.051820;0.207960;1.421930;0.068143;1.622997;0.370224;0.626386;0.228112 
2.269161;17.524778;42.500000;-52.400000;18.293371;10.390909;3.516967;0.919954;1.298507;0.261576;4.724887;1.700191;1.512348;0.359837;5.581139;0.722663;2.429238;0.129483;2.731371;0.570696;1.080337;0.208941 
5.787176;16.471822;43.200000;-50.300000;17.330562;12.125108;3.114130;1.528495;0.792818;0.490826;4.580744;2.715179;0.932782;0.592738;5.245803;1.843050;1.701377;0.351338;2.739920;1.300069;0.719925;0.474492 
1.812064;24.781195;39.800000;-46.800000;19.650446;5.656860;4.811188;1.428500;1.691344;0.296912;5.618576;1.519329;2.049624;0.270412;7.892100;0.577090;3.657505;0.073123;3.830985;0.931381;1.449802;0.243118 
2.473222;13.239492;30.200000;-44.900000;16.982008;7.593906;3.388402;1.119944;1.134229;0.330523;4.106774;1.774993;1.165890;0.432211;4.216399;0.787650;1.714374;0.186806;2.168131;0.896658;0.635736;0.413563 
4.252636;16.365710;31.500000;-45.900000;18.036241;9.953788;3.139843;1.399930;0.869956;0.445860;4.565965;2.327525;1.119220;0.509755;5.212010;1.354343;1.928833;0.259850;2.565187;1.176377;0.694405;0.458593 
9.452116;22.536522;34.200000;-45.700000;17.996243;12.199390;5.145457;3.379831;0.882813;0.656857;5.358073;3.470002;0.944036;0.647621;7.177236;3.010228;2.083504;0.419413;3.972029;2.343189;0.814420;0.589922 
4.807682;15.435191;35.900000;-45.400000;15.724928;10.322341;4.388352;2.762719;0.812817;0.629557;4.434260;2.474760;0.979750;0.558100;4.915666;1.531109;1.692278;0.311475;2.947709;1.291763;0.827973;0.438226 
2.334460;12.994619;31.000000;-47.400000;12.999350;6.042555;2.942710;1.285650;0.828530;0.436893;3.812668;1.724481;1.044094;0.452303;3.634109;0.743459;1.445325;0.204578;2.734409;1.171698;0.781356;0.428501 
3.142543;13.770051;32.700000;-48.100000;14.782118;6.793946;3.645532;1.759912;0.942810;0.482759;4.188253;2.000810;1.093722;0.477719;4.385367;1.000810;1.692278;0.228216;2.808093;1.447540;0.680277;0.515489 
2.636471;11.411104;34.700000;-47.700000;14.307856;6.825373;3.082703;1.322791;0.879956;0.429101;4.068618;1.832638;1.117990;0.450433;4.138414;0.839640;1.649387;0.202889;2.746030;1.122936;0.811547;0.408931 
1.167230;9.566390;33.200000;-49.300000;16.473462;5.582578;2.077039;0.868528;0.604256;0.418157;3.490915;1.219392;1.135761;0.349305;3.046621;0.371729;1.337446;0.122014;1.564157;0.566468;0.498844;0.362156 
2.391598;10.660158;40.500000;-55.100000;13.816452;7.662474;2.919854;1.271365;0.824245;0.435421;3.685081;1.745457;0.969812;0.473655;3.394955;0.761655;1.316650;0.224349;2.234770;0.853600;0.690585;0.381963 
1.322317;9.378654;40.300000;-56.100000;16.390609;6.451106;2.385595;1.274222;0.555686;0.534132;3.456491;1.297875;1.079308;0.375489;2.986832;0.421120;1.282856;0.140992;1.539865;0.547410;0.496228;0.355492 
4.203661;16.675883;44.300000;-48.000000;16.367753;8.668138;3.674102;1.897048;0.888527;0.516330;4.609031;2.314084;1.147474;0.502076;5.310791;1.338746;1.986023;0.252080;3.056208;1.405352;0.825428;0.459835 
2.995619;17.492128;45.500000;-48.200000;18.076239;10.488047;3.579821;1.179941;1.199940;0.329609;4.720484;1.953478;1.383503;0.413830;5.570741;0.954019;2.308361;0.171255;2.773071;0.755220;1.008925;0.272341 
1.656977;7.762489;38.100000;-67.200000;8.353868;5.559722;2.385595;1.454213;0.465691;0.609581;2.338666;1.452859;0.442904;0.621234;1.367340;0.527700;0.419820;0.385932;1.534870;0.854336;0.340267;0.556618 
2.579334;4.293448;39.300000;-67.600000;16.073482;11.870835;2.191319;0.911383;0.639968;0.415906;3.516141;1.812671;0.851735;0.515528;3.090813;0.821444;1.134684;0.265770;1.636363;0.565300;0.535531;0.345461 
1.493728;9.705152;36.000000;-68.000000;13.599320;9.530952;1.928475;0.814245;0.557115;0.422222;3.144602;1.379434;0.882584;0.438667;2.472130;0.475710;0.998210;0.192429;1.566975;0.406378;0.580298;0.259339 
4.807682;24.234311;31.700000;-68.100000;18.807631;9.002407;4.771190;1.771340;1.499925;0.371257;5.556234;2.474760;1.540737;0.445402;7.717933;1.531109;3.093412;0.198383;4.047371;1.574786;1.236292;0.389089 
1.771251;7.656377;33.900000;-68.800000;10.659467;5.325448;2.819859;1.314220;0.752819;0.466059;3.123035;1.502122;0.810456;0.480982;2.438337;0.564093;0.937122;0.231343;2.234759;0.999026;0.617866;0.447040 
2.497709;16.822807;32.000000;-64.700000;12.919354;8.713850;2.405594;1.239938;0.582828;0.515439;3.388129;1.783759;0.802185;0.526473;2.869855;0.795449;1.037203;0.277174;2.002908;0.767536;0.617686;0.383211 
7.827789;10.186736;30.700000;-66.000000;22.561729;12.865071;4.645482;2.751291;0.947096;0.592251;5.498859;3.157801;1.170529;0.574265;7.559364;2.492926;2.533219;0.329780;2.933258;1.700484;0.616387;0.579725 
4.350585;23.736402;33.600000;-66.400000;20.150421;14.225003;3.034134;1.345647;0.844244;0.443503;4.629290;2.354176;1.137557;0.508539;5.357582;1.385537;1.986023;0.258612;2.288063;0.799930;0.744066;0.349610 
3.371091;9.011344;32.800000;-67.100000;12.907926;8.028170;2.817002;1.342790;0.737106;0.476673;3.602323;2.072290;0.765017;0.575265;3.244184;1.073596;1.085294;0.330929;2.351451;1.196901;0.577275;0.509005 
2.212024;12.447735;27.800000;-60.000000;14.750691;8.385295;2.791289;0.939953;0.925668;0.336745;3.982083;1.678650;1.151717;0.421551;3.964247;0.704466;1.629890;0.177705;2.460793;0.703988;0.878403;0.286082 
2.424247;13.141543;29.400000;-60.500000;15.467798;10.688037;3.754098;2.177034;0.788532;0.579909;4.091555;1.757331;1.167112;0.429502;4.185205;0.772053;1.706576;0.184472;2.450184;0.592961;0.928611;0.242007 
1.599840;8.831770;26.400000;-62.100000;13.873592;7.793896;2.142750;0.719964;0.711393;0.336000;3.354201;1.427590;0.963305;0.425613;2.812666;0.509503;1.151581;0.181146;1.770216;0.541767;0.614224;0.306046 
2.399760;12.317136;28.100000;-61.500000;14.927825;7.705329;2.571300;1.071375;0.749963;0.416667;3.961139;1.748433;1.106353;0.441397;3.922655;0.764255;1.579200;0.194831;2.383411;0.850950;0.766230;0.357031 
2.130399;7.313554;26.100000;-63.600000;11.016592;6.673952;2.248459;1.119944;0.564258;0.498094;3.052315;1.647387;0.702464;0.539717;2.329157;0.678471;0.825343;0.291295;1.967945;0.893869;0.537038;0.454214 
5.068881;29.139943;27.000000;-64.300000;23.755955;14.036441;3.965516;1.471355;1.247081;0.371037;6.092696;2.541097;1.775800;0.417073;9.280237;1.614293;3.832972;0.173950;3.486547;0.951961;1.267293;0.273038 
2.334460;13.859838;29.400000;-63.000000;16.347754;10.302342;2.791289;1.051376;0.869957;0.376663;4.201886;1.724481;1.238702;0.410406;4.413961;0.743459;1.835251;0.168433;2.412072;0.593177;0.909447;0.245920 
5.019906;23.777214;24.900000;-37.000000;18.561929;8.982408;4.685480;2.034184;1.325648;0.434146;5.503585;2.528791;1.487397;0.459481;7.572361;1.598696;2.986832;0.211123;4.041481;1.676131;1.182675;0.414732 
3.240492;18.194099;26.500000;-38.800000;19.421886;7.868178;4.034084;1.394216;1.319934;0.345609;4.814270;2.031752;1.391259;0.422027;5.794299;1.032004;2.381148;0.178107;2.627164;1.174123;0.726521;0.446916 
2.799720;19.067481;30.200000;-39.600000;18.813345;9.476669;3.085560;0.928525;1.078518;0.300926;4.928467;1.888524;1.519971;0.383187;6.072446;0.891631;2.590408;0.146832;2.908772;0.787893;1.060440;0.270868 
1.534540;12.684446;27.100000;-37.600000;20.353268;8.062454;2.048469;0.619969;0.714250;0.302650;4.019767;1.398152;1.310808;0.347819;4.039632;0.488707;1.775463;0.120978;1.659954;0.499705;0.580125;0.301035 
4.032250;18.651196;28.900000;-36.400000;17.956245;9.682373;3.156985;1.248509;0.954238;0.395475;4.874370;2.266412;1.303979;0.464965;5.939871;1.284156;2.327858;0.216193;3.038841;1.147008;0.945917;0.377449 
4.089387;18.349185;28.700000;-34.400000;19.470455;13.305049;3.859807;1.719914;1.069947;0.445596;4.834745;2.282413;1.276166;0.472086;5.843690;1.302353;2.270669;0.222865;2.644622;0.806193;0.919214;0.304842 
1.901851;17.965550;23.300000;-69.800000;20.376124;9.642375;4.251216;1.725628;1.262794;0.405914;4.783937;1.556515;1.613711;0.325363;5.721513;0.605685;2.557914;0.105861;2.430423;0.514957;0.957733;0.211880 
4.644433;24.332260;25.600000;-69.900000;23.990229;14.287857;4.294071;1.982758;1.155656;0.461743;5.567451;2.432381;1.567535;0.436893;7.749128;1.479119;3.135004;0.190876;2.787019;0.852093;0.967463;0.305736 
2.448735;12.749745;26.700000;-69.200000;15.064961;8.408151;2.851286;0.971380;0.939953;0.340681;4.030101;1.766184;1.131958;0.438248;4.060428;0.779852;1.640288;0.192061;2.455296;0.783208;0.836044;0.318987 
3.118056;17.761489;27.200000;-70.900000;18.673352;12.273672;3.268408;1.454213;0.907097;0.444930;4.621422;1.992999;1.314211;0.431252;5.339385;0.993011;2.173187;0.185979;2.516520;0.663539;0.926490;0.263673 
3.591478;16.765670;28.600000;-70.600000;17.573407;8.382438;3.634104;1.465641;1.084232;0.403302;4.825057;2.138956;1.343051;0.443302;5.820294;1.143783;2.338256;0.196516;3.064218;1.215194;0.924512;0.396576 
3.330279;18.275723;23.800000;-71.500000;16.627740;10.008071;4.628340;2.211318;1.208511;0.477778;4.756690;2.059707;1.348491;0.433013;5.656525;1.060598;2.297963;0.187500;3.246373;0.891806;1.177283;0.274708 
2.701771;25.091368;25.500000;-72.400000;26.790089;19.724728;4.428350;2.934139;0.747105;0.662581;5.653629;1.855194;1.899218;0.328142;7.990882;0.860437;3.565223;0.107677;2.520828;0.351118;1.084855;0.139287 
0.448935;10.398960;38.400000;-73.900000;11.570850;4.565486;1.614205;0.362839;0.625683;0.224779;2.766396;0.756235;1.005080;0.273365;1.913236;0.142973;0.885132;0.074728;1.438766;0.257206;0.590780;0.178769 
1.118256;4.921957;40.400000;-74.000000;13.356475;7.502482;1.828480;0.485690;0.671395;0.265625;3.156154;1.193536;0.981309;0.378162;2.490327;0.356132;1.067097;0.143006;1.616779;0.388765;0.614007;0.240456 
1.958988;6.007562;41.100000;-75.000000;13.816452;7.685330;2.391309;1.225653;0.582828;0.512545;3.377371;1.579723;0.898824;0.467738;2.851658;0.623881;1.113888;0.218778;1.808702;0.683003;0.562850;0.377620 
1.142743;15.476003;39.100000;-74.600000;9.179541;5.011178;1.888477;0.785675;0.551401;0.416036;2.503999;1.206534;0.648732;0.481843;1.567502;0.363931;0.601786;0.232172;1.573337;0.633295;0.470021;0.402517 
1.705952;7.142143;37.100000;-75.000000;18.090524;14.010728;1.688487;0.585685;0.551401;0.346870;3.639654;1.474173;1.082740;0.405031;3.311771;0.543297;1.384237;0.164050;1.535153;0.312550;0.611301;0.203595 
2.563009;7.819626;36.800000;-76.000000;16.636311;7.659617;3.528395;1.228510;1.149943;0.348178;4.440119;1.806925;1.316597;0.406954;4.928663;0.816245;2.056209;0.165612;2.695395;0.923613;0.885891;0.342663 
1.534540;8.954207;39.900000;-75.200000;12.930782;9.236681;2.117037;1.008521;0.554258;0.476383;3.016334;1.398152;0.809091;0.463527;2.274568;0.488707;0.892930;0.214857;1.519826;0.432015;0.543906;0.284253 
3.615965;23.556828;35.800000;-69.800000;21.076089;11.328005;3.814095;1.145657;1.334219;0.300375;5.478020;2.146235;1.665892;0.391790;7.502174;1.151581;3.175297;0.153500;3.195903;0.845686;1.175109;0.264616 
0.759108;6.505472;37.500000;-70.200000;10.690894;3.948374;2.399880;0.725678;0.837101;0.302381;2.878754;0.983370;0.947692;0.341596;2.071806;0.241754;0.915026;0.116688;1.771841;0.540114;0.615864;0.304832 
21.573353;94.953769;35.000000;-71.900000;37.175284;25.084460;8.745277;4.096938;2.324169;0.468474;10.998191;5.242326;2.877933;0.476653;30.240054;6.870494;11.684780;0.227198;8.036807;2.310811;2.862998;0.287529 
1.387616;12.578334;29.800000;-69.900000;16.576314;7.202497;2.639868;0.642825;0.998522;0.243506;4.002918;1.329535;1.336692;0.332141;4.005839;0.441916;1.781961;0.110318;2.109306;0.508906;0.800200;0.241267 
3.069081;15.671902;30.800000;-71.300000;18.719064;10.873742;3.199840;1.454213;0.872814;0.454464;4.468132;1.977285;1.245424;0.442531;4.991052;0.977414;2.006819;0.195833;2.318895;0.744373;0.787261;0.321003 
4.726058;12.872182;32.100000;-71.200000;14.047869;9.168113;3.422686;1.757055;0.832816;0.513356;4.049405;2.453662;0.797872;0.605931;4.099421;1.505114;1.297154;0.367153;2.804202;1.495864;0.654169;0.533436 
2.611984;17.826789;31.400000;-73.000000;16.670595;16.136336;3.962659;2.408451;0.777104;0.607787;4.765426;1.824107;1.470659;0.382780;5.677321;0.831842;2.422740;0.146520;3.247821;0.416149;1.415836;0.128132 
1.436591;10.301011;45.200000;-75.200000;15.879206;6.191119;2.668438;0.997093;0.835673;0.373662;4.145833;1.352794;1.396520;0.326302;4.296984;0.457513;1.919735;0.106473;2.434701;0.628709;0.902996;0.258228 
1.624327;13.492528;41.200000;-76.500000;16.842015;8.091024;2.177034;0.897098;0.639968;0.412073;3.622472;1.438474;1.091999;0.397097;3.280577;0.517302;1.381637;0.157686;1.651998;0.528275;0.561861;0.319780 
1.624327;16.969731;42.900000;-75.400000;18.461934;7.662474;2.914140;0.708536;1.102802;0.243137;4.649462;1.438474;1.605494;0.309385;5.404373;0.517302;2.443536;0.095719;2.593176;0.561016;1.016080;0.216343 
1.118256;8.439972;39.900000;-71.700000;15.844922;9.379531;1.794196;0.651396;0.571400;0.363057;3.278957;1.193536;1.042710;0.363999;2.687889;0.356132;1.165878;0.132495;1.428835;0.307532;0.560651;0.215233 
1.403941;9.158268;39.300000;-72.300000;16.099195;7.879606;1.914190;0.654253;0.629969;0.341791;3.415638;1.337333;1.039152;0.391532;2.916646;0.447115;1.234765;0.153298;1.532568;0.466935;0.532816;0.304675 
1.248855;8.146124;38.300000;-71.400000;14.567843;8.088167;2.568443;1.188512;0.689966;0.462736;3.221371;1.261308;0.980031;0.391544;2.594307;0.397724;1.098291;0.153307;1.518908;0.402217;0.558345;0.264807 
0.889707;7.068681;43.500000;-73.400000;13.042205;9.102402;1.708486;0.471405;0.618540;0.275920;3.000781;1.064605;0.968088;0.354776;2.251172;0.283346;0.983913;0.125866;1.485959;0.251502;0.617229;0.169252 
0.840732;5.893288;43.500000;-73.900000;15.090674;6.739663;1.151371;0.428550;0.361411;0.372208;2.739959;1.034890;0.852535;0.377703;1.876843;0.267749;0.804547;0.142659;1.029776;0.324648;0.352564;0.315261 
25.401541;119.220730;28.500000;-76.800000;39.703729;19.150471;11.313720;4.991179;3.161270;0.441162;12.323698;5.688467;3.317616;0.461588;37.968385;8.089663;14.939361;0.213063;10.269762;4.194526;3.037618;0.408435 
4.938282;37.098331;33.400000;-74.200000;24.881613;12.716507;5.236881;1.502782;1.867050;0.286961;6.874520;2.508148;2.183186;0.364847;11.814755;1.572701;5.121027;0.133113;4.411390;1.034157;1.688617;0.234429 
1.999800;10.072462;31.200000;-76.300000;11.713700;5.442585;3.419829;1.345647;1.037091;0.393484;3.505776;1.596094;0.954841;0.455276;3.072616;0.636879;1.217869;0.207276;2.630923;1.144402;0.743260;0.434981 
1.550865;11.917176;33.700000;-75.500000;13.993586;7.853893;2.162749;0.642825;0.759962;0.297226;3.582061;1.405569;1.088246;0.392391;3.207790;0.493906;1.356942;0.153971;2.044228;0.519943;0.762142;0.254347 
1.330479;9.648015;35.600000;-76.700000;18.430507;9.925218;3.771240;1.991329;0.889956;0.528030;3.896295;1.301875;1.297210;0.334131;3.795279;0.423719;1.685780;0.111644;1.740866;0.346144;0.697361;0.198834 
6.415685;8.905232;33.200000;-77.600000;23.304549;15.104959;5.662574;3.274122;1.194226;0.578204;6.344348;2.858819;1.742764;0.450609;10.062688;2.043212;4.009738;0.203048;3.973506;1.125143;1.424182;0.283161 
2.505872;31.596840;31.200000;-77.400000;12.005114;6.939653;2.699865;1.305649;0.697108;0.483598;3.368122;1.786671;0.790725;0.530465;2.836061;0.798048;1.019006;0.281393;2.218896;1.028079;0.595408;0.463329 
1.224367;11.100931;39.400000;-76.600000;16.379181;6.716807;2.211318;0.728535;0.741392;0.329457;3.760494;1.248881;1.255806;0.332106;3.535328;0.389926;1.572701;0.110294;1.857165;0.481888;0.687638;0.259475 
0.987656;8.317536;37.900000;-76.900000;12.785075;6.411108;2.051326;0.554258;0.748534;0.270195;3.255086;1.121678;1.066704;0.344592;2.648897;0.314540;1.167178;0.118744;1.843443;0.404778;0.719332;0.219577 
2.073262;9.509253;36.700000;-77.500000;14.093581;6.771090;2.228460;1.114230;0.557115;0.500000;3.480474;1.625146;0.927664;0.466932;3.028425;0.660275;1.184075;0.218026;1.889702;0.849510;0.520096;0.449547 
5.697389;15.892288;25.700000;-75.000000;18.507646;13.136486;2.665581;1.431357;0.617112;0.536977;4.499439;2.694034;0.902702;0.598749;5.061238;1.814455;1.623392;0.358500;2.392116;1.161691;0.615212;0.485633 
6.383035;39.759289;40.000000;-45.200000;26.624383;9.485240;5.628290;2.399880;1.614205;0.426396;7.116795;2.851536;2.132630;0.400677;12.662194;2.032814;5.314690;0.160542;4.330539;2.163358;1.083590;0.499559 
3.411904;15.598440;42.700000;-45.200000;20.213275;13.665031;2.519874;1.025663;0.747106;0.407029;4.457648;2.084796;1.186426;0.467690;4.967656;1.086594;1.940531;0.218734;2.094922;0.649556;0.722683;0.310062 
3.313954;19.263380;41.700000;-46.000000;22.064611;11.782268;3.142700;1.214225;0.964238;0.386364;4.953720;2.054653;1.449533;0.414770;6.134834;1.055399;2.539717;0.172034;2.379457;0.738812;0.820322;0.310496 
12.015125;36.053537;48.200000;-45.200000;23.378831;14.173577;6.033984;3.514110;1.259937;0.582386;6.777025;3.912274;1.432375;0.577285;11.482018;3.826473;3.827773;0.333258;4.745099;2.506510;1.119295;0.528231 
5.550465;22.805883;50.300000;-45.100000;21.967473;13.273622;4.665481;2.037041;1.314220;0.436620;5.389998;2.659071;1.365464;0.493334;7.263020;1.767664;2.747678;0.243379;2.901057;1.116034;0.892511;0.384699 
2.416085;12.578334;43.700000;-41.800000;15.562079;11.890834;3.794096;2.219889;0.787104;0.585090;4.002918;1.754370;1.124274;0.438273;4.005839;0.769454;1.618193;0.192083;2.300311;0.527369;0.886471;0.229260 
17.296229;54.419047;46.000000;-41.100000;28.947124;16.699165;6.888227;3.339833;1.774197;0.484861;8.326081;4.693976;1.816052;0.563768;17.330907;5.508353;5.911277;0.317834;5.741576;3.102717;1.319429;0.540395 
20.136762;72.735583;48.400000;-42.300000;33.735456;18.927625;8.659567;4.794046;1.932761;0.553613;9.625840;5.064773;2.280533;0.526164;23.164198;6.412981;8.375608;0.276849;6.537864;3.086935;1.725465;0.472163 
1.918176;13.794539;48.200000;-39.400000;18.007671;8.342440;2.248459;0.788532;0.729964;0.350699;4.191976;1.563181;1.314397;0.372898;4.393165;0.610884;1.891141;0.139053;2.106681;0.608376;0.749152;0.288784 
2.448735;14.006762;50.100000;-36.700000;18.173377;7.091074;3.125558;1.359932;0.882813;0.435101;4.224099;1.766184;1.228957;0.418121;4.460752;0.779852;1.840450;0.174825;2.118721;0.970150;0.574285;0.457894 
1.640652;11.182555;52.200000;-36.300000;14.662124;8.262444;2.448449;0.754248;0.847101;0.308051;3.774294;1.445684;1.164305;0.383034;3.561323;0.522501;1.519411;0.146715;2.171299;0.521741;0.824779;0.240290 
1.714114;13.884326;54.300000;-36.300000;17.381988;8.585285;2.954138;0.785675;1.084232;0.265957;4.205596;1.477696;1.363950;0.351364;4.421760;0.545896;1.937932;0.123457;2.221763;0.523849;0.848957;0.235781 
7.297229;20.797920;53.000000;-42.100000;18.821916;15.147814;4.285500;2.568443;0.858529;0.599333;5.147248;3.048907;1.049171;0.592337;6.623541;2.323958;2.149792;0.350863;3.247491;1.286614;0.980438;0.396187 
2.652796;14.627109;52.100000;-40.500000;18.256230;9.613805;2.502732;0.982808;0.759962;0.392694;4.316626;1.838303;1.239161;0.425866;4.658315;0.844839;1.906738;0.181362;2.212997;0.731866;0.740566;0.330712 
3.044593;17.345204;50.400000;-40.400000;18.590499;12.550801;3.656960;1.479926;1.088517;0.404687;4.700617;1.969381;1.365618;0.418962;5.523950;0.969616;2.277167;0.175529;2.636388;0.632156;1.002116;0.239781 
1.975313;15.076043;52.100000;-38.300000;19.979001;13.245052;2.208461;0.665681;0.771390;0.301423;4.382368;1.586292;1.398038;0.361971;4.801288;0.629080;2.086104;0.131023;2.046186;0.383982;0.831102;0.187658 
3.313954;11.688627;53.900000;-38.500000;15.622076;9.282393;3.082703;1.545637;0.768533;0.501390;3.858752;2.054653;0.902050;0.532466;3.722493;1.055399;1.333547;0.283520;2.095682;0.969964;0.562859;0.462839 
2.514034;10.513234;55.400000;-33.500000;16.347754;11.625133;3.199840;1.954188;0.622826;0.610714;3.659598;1.789579;0.935010;0.489010;3.348164;0.800648;1.273758;0.239130;1.751590;0.562901;0.594344;0.321366 
3.542503;12.415085;53.400000;-34.800000;15.162099;10.405194;3.328405;1.865621;0.731392;0.560515;3.976857;2.124322;0.926268;0.534171;3.953849;1.128186;1.412832;0.285339;2.351433;0.911264;0.720084;0.387536 
23.654777;115.278267;42.100000;-39.500000;43.603534;23.735956;8.376724;3.322691;2.527017;0.396658;12.118222;5.489397;3.314413;0.452987;36.712824;7.533369;14.589728;0.205197;7.853956;2.735951;2.559002;0.348353 
5.183155;20.095949;43.000000;-37.200000;18.070525;9.485240;3.856950;2.259887;0.798531;0.585926;5.059638;2.569581;1.245029;0.507859;6.399984;1.650686;2.374649;0.257920;3.321553;1.596732;0.862410;0.480719 
5.705552;16.561609;45.700000;-37.200000;16.130622;9.265251;4.122651;2.282743;0.919954;0.553708;4.593211;2.695963;0.948624;0.586945;5.274398;1.817055;1.728672;0.344505;3.107908;1.902020;0.602944;0.611994 
3.346604;12.847695;47.200000;-37.300000;13.473612;7.202497;3.999800;1.885620;1.057090;0.471429;4.045552;2.064749;0.990401;0.510375;4.091623;1.065797;1.512913;0.260483;3.059877;1.414769;0.822554;0.462361 
3.583315;17.753327;49.000000;-35.000000;11.259437;8.516717;2.445592;1.374217;0.535687;0.561916;3.245489;2.136523;0.554483;0.658306;2.633300;1.141183;0.746058;0.433366;2.247318;1.185204;0.531057;0.527386 
1.746764;8.268561;44.600000;-35.700000;20.044712;9.893791;2.597013;0.522831;1.037091;0.201320;4.755597;1.491703;1.631947;0.313673;5.653926;0.556294;2.548816;0.098391;2.448730;0.458999;0.994866;0.187444 
3.542503;11.484566;49.300000;-33.300000;14.239288;13.565036;2.768433;1.602777;0.582828;0.578947;3.824921;2.124322;0.850300;0.555390;3.657505;1.128186;1.264660;0.308458;2.345244;0.680458;0.832393;0.290144 
12.104912;96.006725;38.100000;-32.100000;43.229267;18.710493;6.782518;1.942760;2.419879;0.286436;11.059004;3.926865;3.566069;0.355083;30.575390;3.855067;13.360161;0.126084;6.305701;1.739590;2.283055;0.275876 
2.628309;22.405923;43.100000;-29.200000;20.950381;8.828130;3.625533;1.025663;1.299935;0.282900;5.342525;1.829799;1.756363;0.342497;7.135644;0.837041;3.149302;0.117304;3.032482;0.798828;1.116827;0.263424 
1.371291;9.288867;40.900000;-30.000000;13.696458;7.276779;2.245602;0.774247;0.735678;0.344784;3.439906;1.321691;1.059107;0.384223;2.958238;0.436717;1.260760;0.147627;1.911296;0.496936;0.707180;0.259999 
0.808082;7.158468;41.400000;-30.600000;13.482183;6.396823;1.514210;0.445692;0.534259;0.294340;3.019779;1.014596;1.002592;0.335983;2.279767;0.257351;1.011208;0.112885;1.446333;0.329425;0.558454;0.227766 
12.684446;3.917976;46.700000;-30.000000;26.058697;17.879106;6.108266;4.374067;0.867100;0.716090;6.685889;4.019767;1.333061;0.601232;11.175277;4.039632;3.567822;0.361479;3.828137;1.934239;0.946949;0.505269 
3.558828;12.153887;44.000000;-31.700000;14.524988;8.233874;2.597013;1.411358;0.592828;0.543454;3.934801;2.129211;0.902795;0.541123;3.870665;1.133385;1.368640;0.292814;2.445015;1.232981;0.606017;0.504284 
3.534340;35.090368;51.600000;-26.900000;16.533459;8.159592;4.091224;1.834194;1.128515;0.448324;4.429568;2.121873;1.153848;0.479025;4.905268;1.125586;1.889841;0.229465;2.704934;1.238818;0.733058;0.457985 
4.007762;16.871782;45.800000;-28.100000;22.436021;17.953388;4.631197;3.291264;0.669967;0.710672;4.636024;2.259520;1.188252;0.487383;5.373179;1.276357;2.048411;0.237542;2.016693;0.575612;0.720540;0.285424 
5.117856;16.937082;50.000000;-28.100000;15.904919;8.810988;4.316927;2.302742;1.007092;0.533422;4.644987;2.553343;1.045822;0.549699;5.393975;1.629890;1.882042;0.302169;3.301792;1.786707;0.757543;0.541132 
3.101731;15.402541;49.600000;-29.400000;16.413465;10.922311;2.019899;0.974237;0.522831;0.482320;3.756344;1.987775;0.884284;0.529178;3.527530;0.987812;1.269859;0.280029;1.847715;0.749011;0.549352;0.405371 
3.664940;11.076443;49.700000;-30.500000;14.247859;8.653853;3.505539;2.099895;0.702822;0.599022;3.599436;2.160720;0.719358;0.600294;3.238985;1.167178;1.035903;0.360353;2.016317;1.190865;0.412726;0.590614 
4.032250;10.170411;51.500000;-30.200000;18.444792;14.593556;3.105559;1.551351;0.777104;0.499540;4.375244;2.266412;1.054416;0.518008;4.785691;1.284156;1.750767;0.268332;2.252366;0.719573;0.766397;0.319474 
2.465060;15.027069;52.100000;-28.100000;12.342240;9.648089;1.897048;0.839958;0.528545;0.442771;3.040369;1.772062;0.634154;0.582844;2.310961;0.785051;0.762955;0.339708;1.645185;0.674533;0.485326;0.410004 
8.619546;7.256417;53.500000;-28.000000;25.295878;21.444642;3.631247;2.477019;0.577114;0.682140;5.100574;3.313656;0.893459;0.649663;6.503964;2.745078;1.879443;0.422062;2.156821;1.046458;0.555182;0.485185 
1.665140;20.422447;53.900000;-29.600000;14.864971;10.899455;1.705629;0.739963;0.482833;0.433836;3.184034;1.456433;0.863801;0.457417;2.534518;0.530299;1.002110;0.209231;1.444913;0.394762;0.525075;0.273208 
1.142743;7.958388;54.900000;-29.100000;13.756455;8.408151;2.237031;0.617112;0.809960;0.275862;3.391197;1.206534;1.092332;0.355784;2.875054;0.363931;1.255561;0.126582;1.836816;0.352259;0.742278;0.191777 
0.661158;9.027669;43.600000;-31.000000;8.239588;4.002657;1.485640;0.599970;0.442835;0.403846;2.234066;0.917736;0.658165;0.410792;1.247763;0.210560;0.518601;0.168750;1.390165;0.452474;0.468846;0.325482 
1.583515;11.280505;35.200000;-34.300000;13.419329;9.425243;1.545637;0.571400;0.487119;0.369686;3.065912;1.420288;0.822812;0.463251;2.349953;0.504304;0.922825;0.214602;1.504909;0.436774;0.534067;0.290233 
2.048775;7.378854;33.400000;-33.800000;14.910683;6.671095;3.436971;1.048519;1.194226;0.305071;3.790787;1.615520;1.087634;0.426170;3.592517;0.652476;1.470021;0.181621;2.142450;0.854464;0.643993;0.398826 
3.109893;8.946044;34.600000;-35.100000;16.993436;10.596613;2.291314;0.908526;0.691394;0.396509;4.132016;1.990389;1.070814;0.481699;4.268389;0.990412;1.638989;0.232034;2.197270;0.776741;0.710264;0.353503 
2.546684;13.402741;37.100000;-35.700000;15.907776;8.339583;2.519874;0.971380;0.774247;0.385488;4.134532;1.801162;1.166685;0.435639;4.273588;0.811046;1.731271;0.189781;2.411970;0.825474;0.793248;0.342241 
2.775233;13.419066;38.300000;-34.000000;16.202047;11.562279;1.645632;0.739963;0.452834;0.449653;3.375831;1.880247;0.747792;0.556973;2.849059;0.883832;0.982613;0.310219;1.482823;0.626987;0.427918;0.422833 
1.265180;4.644433;38.100000;-40.500000;9.102402;5.014035;1.802767;0.882813;0.459977;0.489699;2.432381;1.269525;0.581428;0.521927;1.479119;0.402923;0.538098;0.272408;1.479412;0.713382;0.383015;0.482206 
2.007962;14.406722;40.900000;-33.600000;13.765026;6.979651;2.657010;0.828530;0.914240;0.311828;3.563143;1.599348;0.981897;0.448859;3.173997;0.639478;1.267259;0.201474;2.066390;0.787939;0.639225;0.381312 
2.473222;11.068281;44.000000;-33.600000;18.939053;12.716507;2.768433;1.099945;0.834244;0.397317;4.283983;1.774993;1.254495;0.414332;4.588128;0.787650;1.900239;0.171671;2.076863;0.503456;0.786704;0.242412 
2.024287;9.966350;45.600000;-33.500000;14.470705;7.896748;2.645582;0.868528;0.888527;0.328294;3.754959;1.605836;1.074562;0.427657;3.524930;0.644678;1.440126;0.182891;2.185377;0.685710;0.749833;0.313772 
1.885526;13.582315;47.700000;-32.600000;17.233424;8.688137;3.074132;0.965666;1.054233;0.314126;4.159605;1.549821;1.304892;0.372588;4.325578;0.600486;1.862546;0.138822;2.190487;0.571263;0.809612;0.260793 
2.171211;13.223167;52.000000;-32.100000;15.936346;6.945367;3.019849;1.082803;0.968523;0.358562;4.104242;1.663092;1.220575;0.405213;4.211200;0.691469;1.759866;0.164198;2.362722;0.866700;0.748011;0.366823 
3.044593;10.154087;52.600000;-33.300000;13.150771;7.919604;2.605584;1.208511;0.698537;0.463816;3.596546;1.969381;0.813582;0.547576;3.233786;0.969616;1.132085;0.299839;2.269322;1.079390;0.594966;0.475644 
1.452916;12.464060;54.000000;-32.100000;16.513460;8.956695;2.682723;0.762819;0.959952;0.284345;3.984694;1.360459;1.312117;0.341421;3.969446;0.462712;1.753367;0.116568;2.097590;0.421904;0.837843;0.201137 
1.077443;7.525778;51.300000;-33.300000;13.513610;5.839708;2.257030;0.714250;0.771390;0.316456;3.096285;1.171554;0.962365;0.378374;2.396745;0.343135;1.026805;0.143167;1.525250;0.492531;0.516360;0.322918 
2.203861;8.807282;33.600000;-39.800000;13.196483;7.448199;2.085610;1.048519;0.518545;0.502740;3.349547;1.675550;0.836999;0.500232;2.804867;0.701867;1.051500;0.250232;1.888754;0.806818;0.540968;0.427169 
0.293848;5.166830;34.200000;-40.600000;8.902412;2.971280;2.019899;0.322841;0.848529;0.159830;2.565531;0.611824;0.976853;0.238479;1.645487;0.093582;0.775953;0.056872;1.775741;0.265067;0.755337;0.149271 
1.493728;9.974513;36.900000;-39.000000;13.485040;6.382538;2.534159;0.768533;0.882813;0.303269;3.564602;1.379434;1.092584;0.386981;3.176596;0.475710;1.350443;0.149755;2.132388;0.632717;0.749836;0.296718 
9.060318;26.250436;35.800000;-41.000000;19.336176;12.125108;5.445442;3.099845;1.172798;0.569255;5.782737;3.397323;1.192707;0.587494;8.360011;2.885452;2.737280;0.345149;4.331877;2.232992;1.049442;0.515479 
2.595659;12.994619;36.000000;-42.900000;19.384745;7.859607;3.128415;1.062804;1.032805;0.339726;4.434260;1.818398;1.307931;0.410079;4.915666;0.826643;2.044512;0.168165;2.179897;0.906750;0.636574;0.415960 
2.122237;15.435191;38.000000;-41.900000;16.130622;6.851086;3.196983;1.142800;1.027092;0.357462;4.068618;1.644228;1.212195;0.404124;4.138414;0.675872;1.731271;0.163317;2.274101;0.859404;0.707348;0.377909 
2.840532;14.561809;40.700000;-41.700000;17.910533;11.165156;3.722671;1.997043;0.862814;0.536454;4.306980;1.902239;1.202371;0.441664;4.637519;0.904628;1.866445;0.195067;2.257029;0.666935;0.795047;0.295493 
2.367110;12.643634;37.100000;-43.400000;14.470705;7.419629;2.916997;0.939953;0.988522;0.322233;4.013295;1.736498;1.138398;0.432686;4.026635;0.753857;1.636389;0.187218;2.591857;0.878657;0.856600;0.339007 
5.534140;42.746745;40.700000;-35.600000;27.690044;14.847829;5.691144;1.971330;1.859907;0.346386;7.379326;2.655157;2.362084;0.359810;13.613613;1.762465;5.925574;0.129463;4.469442;0.981343;1.744049;0.219567 
2.285486;13.329279;33.200000;-37.700000;19.130472;13.347904;1.971330;0.645682;0.662824;0.327536;4.120676;1.706296;1.207190;0.414082;4.244993;0.727862;1.758566;0.171464;1.882464;0.441736;0.720364;0.234658 
2.203861;12.219186;32.600000;-35.700000;21.030377;8.533859;3.311263;1.625633;0.842815;0.490940;3.945357;1.675550;1.134904;0.424689;3.891461;0.701867;1.594797;0.180361;1.537560;0.687301;0.425129;0.447008 
2.848695;21.932500;31.500000;-36.500000;21.193226;7.419629;4.808331;1.328505;1.739913;0.276292;5.285782;1.904970;1.690406;0.360395;6.984873;0.907228;3.038823;0.129885;2.908831;1.091806;0.908513;0.375342 
3.142543;8.733820;39.100000;-37.700000;13.047919;8.442435;2.262744;1.371360;0.445692;0.606061;3.335549;2.000810;0.667370;0.599844;2.781471;1.000810;0.890331;0.359813;1.899942;1.028817;0.435563;0.541499 
0.742783;4.285286;38.400000;-37.000000;11.910833;5.265451;1.228510;0.591399;0.318555;0.481395;2.336442;0.972739;0.681852;0.416333;1.364741;0.236555;0.564093;0.173333;0.957397;0.372662;0.292367;0.389245 
